Geography,Operations,Customer Success and Support,Human Resources,Healthcare Services,Engineering,Legal,Marketing,Research,Finance,Information Technology,Program and Project Management,Education,Accounting,Administrative,Media and Communication,Sales,Arts and Design,Business Development
West Yorkshire,0.0141,0.013,0.0042,0.0041,0.0031,0.0045,0.0058,0.001,0.0062,-0.0034,7e-4,-0.0053,-0.0027,-4e-4,-0.0035,-0.0108,-0.0094,-0.0192
York And North Yorkshire,0.00949003905937534,0.00788489657161675,0.00643555440664169,3.8965920500969e-5,-0.00272726595935601,0.00831263466804283,0.00700784656424331,4.53240182607606e-4,-0.00256706217075974,-3.09351393245498e-4,-0.00307083133157796,-0.0030498594296498,-0.00305217204119172,0.00403278269418927,-1.48355614395155e-4,-0.0149749834038442,-8.49773863022752e-4,-0.0196664485525507
